{"IsDemoWindowOpen":false,"IsConfigWindowOpen":false,"IsOutputWindowOpen":false,"IsHierarchyWindowOpen":true,"Camera":[-0.19260552525520325,0,-0.98127633333206177,0.10982087999582291,0.99371778964996338,-0.021555710583925247,0.97511160373687744,-0.11191636323928833,-0.19139552116394043,10.127788543701172,-1.1623954772949219,-1.9878886938095093,0,0,0,0,0,0],"Primitives":[[false,false,true,true,false,0,0,0,0,0,0,0,1,"Cylinder 3D","Cylinder",4,1,18]],"ProjectName":"New Project","TeamName":"Team Name","FPS":60,"FrameBarLimit":80,"MsBarLimit":80,"Brightness":1,"Window Width":1024,"Window Height":768,"Window Proportion Value":100,"Full Screen":false,"Full Desktop":false,"Window Resizable":true,"Window Borderless":false,"VSync":true,"Keep Proportion":false,"Camera Speed":0.5,"Camera Sens":0.30000001192092896,"Depth Test":true,"Cull Face":true,"Lighting":true,"Color Material":true,"Texture 2D":true}