{"IsDemoWindowOpen":false,"IsConfigWindowOpen":false,"IsOutputWindowOpen":true,"IsHierarchyWindowOpen":true,"Camera":[-0.97413164377212524,0,0.2259816974401474,0.18310631811618805,0.58605611324310303,0.78931015729904175,-0.13243792951107025,0.81027054786682129,-0.57089567184448242,-1.5451059341430664,14.692829132080078,-12.858100891113281,0.52148890495300293,2.049163818359375,-3.9497013092041016,0.52148890495300293,2.049163818359375,-3.9497013092041016],"Primitives":[[false,false,true,true,false,3,0,0,0,0,0,0,1,"Cube 3D","Cube"],[false,false,true,true,false,2,0,0,0,0,0,0,1,"Cube 3D","Cube"],[false,false,true,true,false,1,0,0,0,0,0,0,1,"Cube 3D","Cube"],[false,false,true,true,false,0,0,0,0,0,0,0,1,"Cube 3D","Cube"]],"ProjectName":"New Project","TeamName":"Team Name","FPS":60,"FrameBarLimit":80,"MsBarLimit":80,"Brightness":1,"Window Width":1024,"Window Height":768,"Window Proportion Value":100,"Full Screen":false,"Full Desktop":false,"Window Resizable":true,"Window Borderless":false,"VSync":true,"Keep Proportion":false,"Camera Speed":0.5,"Camera Sens":0.30000001192092896,"Depth Test":true,"Cull Face":true,"Lighting":true,"Color Material":true,"Texture 2D":true}