{"IsDemoWindowOpen":false,"IsConfigWindowOpen":false,"IsOutputWindowOpen":false,"IsHierarchyWindowOpen":true,"Camera":[-0.92622828483581543,0,0.37696310877799988,0.028567086905241013,0.99712443351745605,0.070191599428653717,-0.37587910890579224,0.075782179832458496,-0.92356479167938232,-3.7969098091125488,0.76550698280334473,-9.3293085098266602,0,0,0,0,0,0],"ProjectName":"New Project","TeamName":"Team Name","FPS":60,"FrameBarLimit":80,"MsBarLimit":80,"Brightness":1,"Window Width":1024,"Window Height":768,"Window Proportion Value":100,"Full Screen":false,"Full Desktop":false,"Window Resizable":true,"Window Borderless":false,"VSync":true,"Keep Proportion":false,"Camera Speed":0.5,"Camera Sens":0.30099999904632568,"Depth Test":true,"Cull Face":true,"Lighting":true,"Color Material":true,"Texture 2D":true}