{"IsDemoWindowOpen":false,"IsConfigWindowOpen":false,"IsOutputWindowOpen":false,"IsHierarchyWindowOpen":true,"Camera":[-0.98832762241363525,0,-0.15234315395355225,-0.029495790600776672,0.98107773065567017,0.19135421514511108,0.14946047961711884,0.19361415505409241,-0.96962630748748779,1.5116041898727417,1.958162784576416,-9.8065462112426758,0,0,0,0,0,0],"Primitives":[[false,false,true,true,false,0,0,0,0,0,0,0,1,"Pyramid 3D","Pyramid",1],[false,false,true,true,false,0,0,0,0,0,0,0,200,"Plane 3D","Plane",0,1,0],[false,false,true,true,false,0,0,0,0,0,0,0,1,"Sphere 3D","Sphere",1,1]],"ProjectName":"New Project","TeamName":"Team Name","FPS":60,"FrameBarLimit":80,"MsBarLimit":80,"Brightness":1,"Window Width":1024,"Window Height":768,"Window Proportion Value":100,"Full Screen":false,"Full Desktop":false,"Window Resizable":true,"Window Borderless":false,"VSync":true,"Keep Proportion":false,"Camera Speed":0.5,"Camera Sens":0.30099999904632568,"Depth Test":true,"Cull Face":true,"Lighting":true,"Color Material":true,"Texture 2D":true}