{"IsDemoWindowOpen":false,"IsConfigWindowOpen":false,"IsOutputWindowOpen":false,"IsHierarchyWindowOpen":true,"Camera":[-0.91222625970840454,0,-0.40968677401542664,-0.13025560975074768,0.94811099767684937,0.2900327742099762,0.38842853903770447,0.31793951988220215,-0.86489176750183105,33.507160186767578,20.552040100097656,-39.968677520751953,29.052574157714844,16.905838012695312,-30.049903869628906,29.052574157714844,16.905838012695312,-30.049903869628906],"Primitives":[[false,false,true,true,false,0,0,0,0,0,0,0,1,"Model 3D","Model","Assets\/Models\/cube.fbx","Assets\/Textures\/default_texture.jpg"],[false,false,true,true,false,0,0,0,0,0,0,0,1,"Model 3D","Model","Assets\/Models\/BakerHouse.fbx","Assets\/Textures\/baker_house_texture.png"]],"ProjectName":"New Project","TeamName":"Team Name","FPS":60,"FrameBarLimit":80,"MsBarLimit":80,"Brightness":1,"Window Width":1024,"Window Height":768,"Window Proportion Value":100,"Full Screen":false,"Full Desktop":false,"Window Resizable":true,"Window Borderless":false,"VSync":true,"Keep Proportion":false,"Camera Speed":0.5,"Camera Sens":0.30000001192092896,"Depth Test":true,"Cull Face":true,"Lighting":true,"Color Material":true,"Texture 2D":true}